,songfile,Size (MB)
0,01-and-then-a-creative-mind-was-born.mp3,1.62
1,01-easy-love.mp3,4.01
2,01-koi-no-orchestra.mp3,3.92
3,02-ikasuze-positive-thinking.mp3,3.01
4,02-umi-ga-kikoeru.mp3,5.53
5,03-close-to-you.mp3,2.71
6,06-natsu-no-nichi-ni-youkoso.mp3,3.65
7,100-production-mix-1.mp3,20.87
8,1000-playas.mp3,2.27
9,1234five.mp3,2.12
10,184a.mp3,3.04
11,19960914a.mp3,4.33
12,2017-04-20april420-03-trappin-in-japan-3.mp3,37.17
13,2017-memes-that-didnt-make-it-1.mp3,1.25
14,2020-genie-rager-rucker-80bpm-final-gb-major.mp3,2.38
15,22-jaq-world-orca.mp3,2.35
16,24-hour-cinderella-synthwavecyberpunk-remix.mp3,3.97
17,2hours-dtm-7.mp3,4.62
18,3-6-destruction.mp3,1.87
19,365a.mp3,2.58
20,3pm.mp3,2.92
21,4-w-lucasrap-prod-elvis.mp3,1.13
22,5nbi6ipb9hsa.mp3,3.64
23,5sovayebjhxi.mp3,2.93
24,6ix9ineandbelledelphineremix.mp3,2.27
25,82-99-fm-1.mp3,2.29
26,a-certian-intrumental.mp3,3.77
27,a-day-in-the-park.mp3,1.83
28,a-mere-machine.mp3,2.04
29,about-tokyo.mp3,117.62
30,aces-to-aces-stay-with-me.mp3,1.89
31,action-2020-remaster.mp3,3.11
32,adaptation.mp3,4.03
33,adjeymane-x-soudiere-the-lost-chapter-full-stream.mp3,5.92
34,adress-it.mp3,0.01
35,aero-chord-drop-it.mp3,2.87
36,aether.mp3,3.55
37,afterlifeep.mp3,16.81
38,again.mp3,4.51
39,aho-girl-ed-ending-full.mp3,3.56
40,aika-cherry-cheeks.mp3,3.8
41,aika.mp3,2.85
42,air-port.mp3,5.3
43,aire-colorfc-lilium-x7.mp3,3.0
44,airline.mp3,2.82
45,aisha-liarhardcore-flip.mp3,3.18
46,aivi-feat-quarkimo-my-mothers-love.mp3,4.07
47,akane.mp3,5.07
48,aki-chan.mp3,1.9
49,akira.mp3,2.19
50,alan-walker-faded-dj-tony-remix.mp3,5.58
51,alexvin-sales-hurt-me.mp3,3.19
52,allisee.mp3,3.81
53,allmyfriends.mp3,3.14
54,alltta-20syl-mr-j-medeiros-connery-instrumental.mp3,3.91
55,alone.mp3,13.05
56,alvaphille.mp3,75.59
57,amagami-ss-after-the-shower.mp3,2.26
58,amagami-ss-kimi-no-mama-de.mp3,3.95
59,amagami-ss-nakata-sae-ed.mp3,1.37
60,amagi-brilliant-park-full-op-lossless-audio.mp3,3.9
61,ameba-flavors-hues.mp3,2.81
62,anderson-paak-til-its-over.mp3,3.05
63,android-apartment-x-future-girlfriend-love-doesnt-know-what-distance-is-9k-thank-you-3.mp3,2.8
64,android52-dancing-all-night.mp3,3.64
65,android52-hypernight-x-loner.mp3,27.19
66,anime-things-1.mp3,2.3
67,anne-happy-groove.mp3,0.52
68,ano-hana-ending-secret-base.mp3,5.47
69,anywherermx.mp3,3.02
70,anzious-currents.mp3,3.54
71,anzious-impulse.mp3,3.17
72,anzious-martyr.mp3,2.69
73,approaching-light-little-busters-ost.mp3,3.97
74,ariana-grande-be-alright-kiiyuu-edit.mp3,3.24
75,ashamed.mp3,2.55
76,aspect.mp3,2.0
77,at-the-joint.mp3,3.79
78,at-the-lovers-p-o-o-l-p-a-r-t-y-night.mp3,3.23
79,atrata.mp3,3.42
80,aura-alan-walker-ghost-from-death-stranding-timefallaktm-official.mp3,3.44
81,aura.mp3,2.05
82,awoo56709.mp3,2.23
83,ayane-compulsive-nekoo.mp3,2.91
84,ayaya.mp3,0.69
85,backwhen-racks-2.mp3,2.93
86,bad-boujee.mp3,1.18
87,banira.mp3,4.27
88,barefoot.mp3,2.08
89,bars-no-jutsu-1.mp3,2.27
90,bartender-waifu.mp3,3.72
91,basement-dwellersw-koibi.mp3,2.97
92,batch-5.mp3,11.59
93,bbs-theme-death-stranding-ost.mp3,4.83
94,beach-episode.mp3,2.74
95,beach.mp3,3.67
96,bedtime-stories.mp3,3.34
97,beginning.mp3,1.98
98,best-epic-super-smash-bros-trap-hip-hop-beat-remix-mix.mp3,9.38
99,best-part.mp3,0.85
100,bfg10000.mp3,3.66
101,bhad-bhabie-bestie-feat-kodak-black.mp3,2.15
102,birocratic-tonys-belated-breakfast.mp3,2.88
103,bishojo.mp3,3.54
104,bits.mp3,2.09
105,bleu-clair-drinks-on-me-hit-list.mp3,2.55
106,blind_faith.mp3,2.66
107,bloodcode-x-cosmicosmo-paradise-plaza-featuring-tofuku-tenkitsune-remix.mp3,3.19
108,blueberry.mp3,3.24
109,blunts-bass-summer-edition.mp3,0.12
110,blush-remix.mp3,2.76
111,blushu.mp3,4.24
112,body.mp3,2.61
113,bolide-nikki-chi-cologne.mp3,3.86
114,bounce-devi-deep-house-remix.mp3,4.24
115,brasil.mp3,3.01
116,brb.mp3,2.6
117,breezin.mp3,3.94
118,broccoli-confetti.mp3,2.14
119,broke-n.mp3,2.74
120,bubbleteanxc.mp3,3.28
121,bunny-bossa.mp3,2.5
122,bunny-groove.mp3,31.11
123,busta-rhymes-goes-to-the-wii-shop-channel.mp3,0.92
124,buster.mp3,2.16
125,butter-sugar-cream-bonus.mp3,4.53
126,bvck.mp3,2.98
127,bye-bye-bob-og-momz.mp3,3.58
128,caden-jester-cream-ghxst-remix.mp3,3.62
129,cafe-midnight.mp3,2.27
130,califormula.mp3,2.89
131,calliope-mori-excuse-my-rudeness-but-could-you-please-rip-roschen-remix.mp3,2.08
132,camellia-feat-nanahira-i-dont-care-about-christmas-though.mp3,2.3
133,cancer.mp3,2.03
134,candy-spaceship.mp3,2.89
135,captor-sakura-1.mp3,2.35
136,carnal-desire.mp3,2.9
137,cascade-w-yung-anh.mp3,3.14
138,cat-says-meow.mp3,2.04
139,catz-n-hood-will-light-dance.mp3,2.23
140,cerise.mp3,3.5
141,charlotte-bravely-you-lia-op.mp3,5.02
142,cherry-blossom-girl.mp3,2.76
143,chika-vibes-kaguya-sama-love-is-war.mp3,2.51
144,chikatto-chika-chika.mp3,1.5
145,childhood-memories-shut-away.mp3,0.55
146,childish-twintails.mp3,3.6
147,childish.mp3,2.86
148,chilli-will-summer-days.mp3,2.74
149,chillin-with-some-koi-fish.mp3,3.66
150,chiptune-what-if-i-have-a-spaceship-for-christophe-k.mp3,3.98
151,chobits-let-me-be-with-you.mp3,4.1
152,chocolate-box.mp3,1.74
153,chocolate-groove.mp3,3.64
154,chopin-nocturne-op-9-no-2.mp3,4.23
155,chouzikugroove.mp3,3.6
156,christmas.mp3,3.99
157,chroma.mp3,3.31
158,chu-chu-yeah.mp3,1.22
159,chug-jug-with-you-loli-cover.mp3,2.62
160,cinnamon.mp3,2.6
161,cinnamons-x-evening-cinema-summertime-plexi-edit.mp3,3.55
162,circles-dj-tony-remix.mp3,6.56
163,citruskiss.mp3,2.34
164,city-slickers.mp3,1.94
165,clannad-town-flow-of-time.mp3,4.1
166,close-your-eyes.mp3,2.61
167,closerthanyou.mp3,3.35
168,coastal-highway.mp3,2.27
169,cobalt-attack.mp3,3.56
170,cobalt.mp3,5.05
171,coco.mp3,3.56
172,coffee-instrumental.mp3,2.16
173,coffin-freestyle.mp3,1.09
174,complications.mp3,2.44
175,confusion.mp3,3.06
176,connection.mp3,0.86
177,conro-all-me.mp3,3.11
178,conro-circus-feat-beckii-power.mp3,3.25
179,conscious.mp3,2.87
180,considering-it-porn-ads-on-kissanime.mp3,2.05
181,contaminate.mp3,5.29
182,continue.mp3,2.56
183,cookieekawaii-vibe-part-2-prod.mp3,1.37
184,cool-beats-by-ash.mp3,2.84
185,coralmines-tom_atom-mazetrap.mp3,4.36
186,corona.mp3,1.81
187,corporate-japan.mp3,3.08
188,cors-moon-garden-ghost-data-remix.mp3,4.24
189,cosmic-nocturne.mp3,5.49
190,count-it.mp3,2.06
191,courtesy.mp3,3.42
192,cowbell-paradise.mp3,2.12
193,crawling.mp3,1.06
194,cringe-cat-remix.mp3,5.93
195,cross-like-jordan.mp3,2.3
196,crossing-faygo-v3.mp3,1.85
197,crush.mp3,2.53
198,crying-in-my-room.mp3,5.08
199,crypt1k-fiend.mp3,2.17
200,crystal-dolphin.mp3,1.76
201,cupid-review-two-point-zero.mp3,4.57
202,cut-off.mp3,0.73
203,cute-confession-scene.mp3,4.89
204,d-7-beautiful.mp3,0.63
205,d-8-romance.mp3,0.53
206,d-real-x-lavera-fantasy-ii.mp3,3.27
207,d28lfmpfh95o.mp3,3.71
208,d4l9ybptm7oa.mp3,4.02
209,da-phonk-killa-ii.mp3,1.92
210,daechwita.mp3,0.02
211,daft-punk-porter-robinson-sad-machine-something-about-us-mashup.mp3,5.67
212,dali-voodoo-gangs-all-here.mp3,3.97
213,dance-fusion2dtm.mp3,0.96
214,dance-in-the-memories-english.mp3,3.8
215,dance.mp3,3.8
216,dancing.mp3,2.78
217,danelle-chairs-rmx.mp3,2.28
218,daredevil.mp3,1.66
219,dawnbreaker.mp3,2.29
220,daybreak.mp3,2.35
221,daydream.mp3,3.46
222,deadbeats.mp3,2.69
223,dear-my-mother.mp3,4.03
224,deep-house-5-minute-scratch-mixfaydz.mp3,4.68
225,def-pon-me-many-men.mp3,3.38
226,delicious.mp3,1.67
227,demez-final-game.mp3,3.59
228,demons-in-my-soul.mp3,3.64
229,dense-pika-mitten-ep-kneaded-pains-out-21st-september-2015.mp3,3.75
230,departure.mp3,3.21
231,desperado-slowed-pitched.mp3,3.2
232,dianas-heart.mp3,58.28
233,dick-sweat-on-my-wrist.mp3,2.38
234,die-antwoord-open-the-door-feat-panther-modern.mp3,3.23
235,difficulties.mp3,3.08
236,digital-qt.mp3,3.53
237,dinamet.mp3,3.15
238,diode.mp3,2.86
239,discogod_agremix.mp3,4.64
240,distant-places.mp3,3.33
241,dj-ashlins-electro-beams.mp3,2.79
242,dj-ashlins-house-mix.mp3,2.41
243,dj-snake-ultra-miami-2016-live.mp3,0.25
244,doe.mp3,3.87
245,doin-mah-thangs.mp3,2.83
246,doki-doki-jump-feat-puniden.mp3,3.56
247,doki-doki-literature-club-ost-your-reality-credits.mp3,2.77
248,dont-cry-dont-cry-dont-cry.mp3,1.04
249,dont-rush-feat-prod-patrick-pryor.mp3,3.33
250,dont-turn-around.mp3,2.93
251,dorinku.mp3,2.82
252,double-on-genre-dnb-lounge-ft-diveo.mp3,4.15
253,double-time.mp3,1.5
254,down.mp3,3.24
255,dr-dre-the-next-episode-san-holo-remix.mp3,3.85
256,dragonmaid.mp3,2.22
257,dream-and-bass.mp3,2.88
258,dreamland-singularity-mutrix.mp3,2.06
259,dreamn-stratocaster.mp3,2.75
260,drippin.mp3,3.07
261,droptek-back-2-u.mp3,3.15
262,drugg.mp3,2.15
263,duck-song-ft-jamil.mp3,3.13
264,duffy-mercy-unes-t-zhou-remix.mp3,2.85
265,duumu-forward.mp3,3.43
266,duumu-illuminate.mp3,3.7
267,duumu-recovery.mp3,4.09
268,duumu-take-me-away.mp3,2.89
269,duumu-worst-part-of-heaven-feat-trove.mp3,3.23
270,dystopia-lp-1.mp3,53.11
271,e-girls-are-ruining-my-life-w-savage-gap.mp3,1.61
272,east.mp3,0.66
273,ebisu-nights-master.mp3,2.93
274,egor-muf-faraon-novyy-albom.mp3,1.15
275,eighteen.mp3,3.42
276,elevation_of_love.mp3,3.73
277,endless-and-artificial-by-city-girl.mp3,3.57
278,ephemeral.mp3,3.41
279,epiphany.mp3,2.5
280,esa-narchbeats-blast-ftpendo-zawose.mp3,4.64
281,eureka.mp3,2.92
282,evade-from-outerspace-flight-day-89.mp3,2.06
283,evening-coffee-1.mp3,2.49
284,everest.mp3,3.7
285,evilmane-generation-z-prod.mp3,1.99
286,evilmane-overrule-prod.mp3,2.09
287,experiment-6022.mp3,2.62
288,faerie.mp3,3.71
289,fashionweek.mp3,2.34
290,fatb-hyukbae.mp3,10.21
291,feel-the-pain.mp3,2.02
292,feel.mp3,1.56
293,fefe-feat-nicki-minaj.mp3,2.74
294,feint-snake-eyes-feat-coma.mp3,4.04
295,festival.mp3,1.67
296,fiend-worldwide.mp3,6.36
297,fifth.mp3,0.8
298,fight-2.mp3,45.24
299,fightv2.mp3,1.86
300,final-fantasy-7-victory-fanfare-holder-ephixa-remix.mp3,3.11
301,find-me-in-the-cut.mp3,2.89
302,floating-gardens.mp3,3.97
303,flurry.mp3,2.64
304,fm17314-sugar-radio.mp3,2.08
305,fold.mp3,3.35
306,fool-power-glove-mercenary.mp3,3.35
307,fool-the-forgotten-dystopia-2077.mp3,2.96
308,for-your-safety.mp3,2.95
309,forbidden-fruit-pt-2-w-gali.mp3,2.48
310,forever-kawaii.mp3,3.63
311,forever-my-dream-girl.mp3,2.72
312,forever-w-tony.mp3,3.77
313,forty-five.mp3,2.46
314,forzahorizon4-sunrise-complete.mp3,8.67
315,fovla-eddie.mp3,2.32
316,fransis-derelle-craymak-ember-feat-hvdes.mp3,2.96
317,freddie-dredd-all-alone-slowed-reverb.mp3,2.93
318,freeze.mp3,2.14
319,fresh-start-full-album.mp3,10.6
320,fresh-wkuuaden.mp3,3.84
321,friends.mp3,3.46
322,fuane.mp3,3.14
323,full-colors.mp3,3.2
324,fun-run.mp3,2.24
325,fun-tonight.mp3,2.48
326,funky-tora.mp3,4.64
327,fusq-perfume-x-moe-shop-superstar-w-hentai-dude.mp3,2.38
328,fusq-perfume.mp3,2.67
329,future-funk-city.mp3,2.99
330,future-song-by-adg.mp3,1.21
331,fwd3egw546bb.mp3,2.86
332,galaxy.mp3,3.32
333,galimatias-alina-baraz-fantasy-ramzoid-bootleg.mp3,4.0
334,garden-girl-w-mimikyu-cute-girls-doing-cute-things.mp3,2.9
335,gawr-gura-sunday-morning-cover.mp3,2.61
336,gelato.mp3,2.96
337,gems-w-sin.mp3,2.71
338,genshin-impact-qingce-apieceofonion-remix.mp3,3.01
339,gent-jawns-reconcile.mp3,4.42
340,ghibli-house.mp3,1.66
341,ghostface-playa-get-yo-ass-feat-pharmacist-blxckbusta.mp3,2.18
342,ghostface-playa-swaggin-at-the.mp3,1.9
343,ghostface-playa-x-4our5ive-valhalla.mp3,1.71
344,girlfriend-haywyre-remix-1.mp3,2.39
345,girls-last-groove.mp3,2.54
346,glue70-casin.mp3,1.62
347,go-to-work-adg-ft-spongebob.mp3,1.62
348,godspeed.mp3,1.72
349,going-on.mp3,1.44
350,gojii-r-u-s-s-e-l-b-u-c-k-heart-mender-tenkitsune-remix.mp3,3.19
351,golden-era-birthday-special.mp3,3.87
352,gomamayo.mp3,3.4
353,gone-villain.mp3,3.43
354,gooba-6ix9ine.mp3,2.02
355,good-morning-just-kiddin-remix.mp3,2.21
356,goodbye-goodbye.mp3,2.14
357,gopnik-mcblyat-pumping-frenzy.mp3,3.97
358,gopnik.mp3,2.93
359,gorillaz-feel-good-inc-vamp-remix.mp3,2.01
360,gotta-get-this-money.mp3,2.87
361,gracidea.mp3,3.8
362,grant-are-we-still-young.mp3,3.3
363,greyl-planetarium.mp3,3.44
364,grlfrnd.mp3,4.97
365,groovin-magic-1.mp3,4.2
366,groovin.mp3,0.36
367,groovy-w-gvvp.mp3,3.0
368,grow-fonder-pogo.mp3,2.66
369,grynpyret-i-forgive-ramzoid-remix.mp3,4.22
370,guilt.mp3,3.23
371,gwnsk9flui5j.mp3,1.67
372,h80mpodhmyh8.mp3,1.9
373,haaaah-ooo-ooo-ooh.mp3,3.4
374,haarper-drop-it-like-its-hot.mp3,2.08
375,haarper-growth-stunt.mp3,1.71
376,happy-endings.mp3,4.01
377,hard-bass-school-narkotik-kal.mp3,3.59
378,hardbass-mix-russian-techno.mp3,5.22
379,haywyre-do-you-dont-you.mp3,4.2
380,haywyre-storyteller-cofresi-remix.mp3,3.21
381,heart-gear-self-mastered.mp3,2.2
382,heartbreak-no-disco.mp3,3.11
383,heaven.mp3,2.75
384,heavy-rainfall-predicted.mp3,0.96
385,heisoku-no-kakudai.mp3,6.33
386,hello-new-world.mp3,4.11
387,her.mp3,5.6
388,hero-of-time.mp3,3.75
389,hey-dont-be-sad.mp3,2.56
390,hi-bich.mp3,1.6
391,hiccup.mp3,3.66
392,hidden-feelings.mp3,3.21
393,hideousremix.mp3,4.05
394,hiero-netsurf.mp3,31.71
395,high-speed-jazz.mp3,1.09
396,high.mp3,1.74
397,himajanai.mp3,3.77
398,hit-them-bricks.mp3,3.29
399,hng-android52-edit.mp3,4.59
400,hold-you-close-free-download.mp3,3.42
401,holy-ghost.mp3,3.5
402,homeward.mp3,2.44
403,honey-moon.mp3,4.09
404,hopex-earthquake-feat-ugo-melone.mp3,2.49
405,hot-milk.mp3,3.76
406,hudson-lee-verzache-fix-me.mp3,3.89
407,hyadain-no-kakakata-katamoi.mp3,4.86
408,hyper-bass-wakaran-girl-flex-1.mp3,2.61
409,i-be-that-mf-w-dj-smokey-mr-sisco.mp3,4.57
410,i-beat-my-cock-to-mario.mp3,2.04
411,i-fall-in-love-too-easily.mp3,2.26
412,i-gotta-serve-w-1ony-mud-puddles-18918.mp3,2.44
413,i-know-where-im-going.mp3,2.57
414,i-tried-to-recreate-moe-shops-lisztomania-remix.mp3,1.07
415,i-wanna-hold-ur-hand.mp3,31.16
416,icarian-beam.mp3,4.24
417,ice-cream.mp3,2.53
418,icy-vindur.mp3,3.31
419,if-i-could-put-a-beat-in-the-samurai-champloo-ost.mp3,0.8
420,if-youre-night-running-say-so-tripleq.mp3,3.56
421,igotone.mp3,2.84
422,ii-desu-yo.mp3,1.58
423,ill-keep-coming.mp3,5.38
424,illenium-kerli-sound-of-walking-away.mp3,3.87
425,ilm-makai-2.mp3,3.35
426,ily.mp3,2.16
427,im-a-sick-cow-i-like-a-quick-moo.mp3,1.3
428,im-on-a-move.mp3,2.31
429,imaginaryexpress.mp3,3.55
430,imagination.mp3,3.79
431,in-my-brain.mp3,3.67
432,in-the-rough.mp3,3.33
433,indoor-song.mp3,2.49
434,insight.mp3,3.38
435,intersection.mp3,2.55
436,introvert-1.mp3,3.08
437,inugami-korone-rap-god-of-hyrule-prod-miyuri.mp3,1.91
438,its-so-hard-to-make-music-rn-i-just-wanna-sleep.mp3,1.61
439,itseeezy-sunnys-groove.mp3,2.37
440,itslikeihavearaincloudabovemyh.mp3,2.49
441,jack-harlow-whats-poppin-flip.mp3,3.37
442,jakkajump.mp3,2.7
443,jamming-but-its-america-with-lil-jhon-going-gangnam-circulation-style.mp3,1.32
444,jaypo-atomic.mp3,1.95
445,jeddi-lucius-s.mp3,5.3
446,jeff-n-andy.mp3,2.55
447,jeku-love-me.mp3,3.77
448,joey-trap-squidward-nose-www.mp3,1.83
449,jojo-part-2-battle-tendency-2.mp3,4.13
450,joshiraku-ed-nippon-egao.mp3,3.45
451,journey.mp3,3.87
452,jpom-far-away.mp3,3.06
453,juice.mp3,4.53
454,jun-hayakawa-with-atsuki-yoshida-song-of-the-ancients.mp3,3.94
455,junko.mp3,2.8
456,junyii-ep-2018.mp3,5.86
457,just-call-me-macross-a-study-of-selfish-high-heels.mp3,3.49
458,just-found.mp3,2.96
459,just-like-everyone-else-1.mp3,2.26
460,k-on.mp3,1.16
461,kagamine-rin-moonlight-stage-after-10-years-self-covering.mp3,9.39
462,kage-the-grave.mp3,3.25
463,kakegurui-ost-russian-roulette-of-love-jabami-yumeko-yumemite-yumemi.mp3,2.71
464,kakegurui-soundtrack-yumeko-jabami-yumemi-yumemite-love-russian-roulette.mp3,2.76
465,kakegurui-xx-op-kono-yubi-tomare-junna-full.mp3,4.58
466,kamoe.mp3,3.79
467,kancolle-wlil-yume.mp3,2.0
468,kaosic-her-look.mp3,4.3
469,kaskade-will-k-flip-reset.mp3,2.86
470,kawaii-chill-mori-calliope-excuse-me-but-could-you-please-rip-project-royal-remix.mp3,3.25
471,keep-moving.mp3,4.88
472,kevyaw-the-mighty.mp3,4.41
473,kiiish0t.mp3,1.53
474,kirby-your-enthusiasm.mp3,2.81
475,kirby.mp3,42.67
476,kiss-in-the-city.mp3,2.29
477,kk-house-remix.mp3,2.0
478,kl2iahkmoobc.mp3,3.7
479,kmnz-augmentation.mp3,3.69
480,knapsack-dazed.mp3,2.98
481,knight.mp3,1.88
482,koven-light-up.mp3,3.62
483,koven-stars-oliverse-remix.mp3,3.54
484,koven-yes-fox-stevenson-remix.mp3,3.39
485,koven-your-pain-the-prototypes.mp3,4.19
486,kubota.mp3,3.63
487,kuby-dazers-unkhala-esky-flip.mp3,7.32
488,kudatte-iku.mp3,56.61
489,kuiters-bubbles.mp3,3.0
490,kuuro-dont-stop.mp3,2.54
491,lady-in-the-sky.mp3,2.94
492,lady-killa.mp3,2.05
493,laszlo-interstellar.mp3,3.26
494,late-night.mp3,1.23
495,latte.mp3,2.04
496,lazysunday.mp3,67.36
497,leaves-fall.mp3,4.96
498,legend-of-zelda-breath-of-the-wild-revalis-theme-piano-cover-free-dl.mp3,1.38
499,lemonade-unreleased.mp3,3.0
500,les-parfums-de-lamour.mp3,3.46
501,let-em-have-it-w-grouf.mp3,4.45
502,let-me-take-you-back.mp3,8.54
503,let-you-know.mp3,1.94
504,lets-get-lit.mp3,2.23
505,lets-get-together.mp3,3.69
506,level.mp3,2.05
507,life-of-a-hentai-dude.mp3,0.76
508,light-up.mp3,2.09
509,lighters.mp3,3.14
510,like-you.mp3,3.63
511,lil-peep-ft-xxxtentacion-falling-down.mp3,2.99
512,lipstick.mp3,2.83
513,little-fox-wonderland.mp3,49.42
514,little-kouhai.mp3,2.54
515,livin-on-the-line-w-blanco.mp3,3.6
516,living-hell.mp3,2.57
517,lmst.mp3,2.39
518,loading.mp3,3.86
519,lockeddown.mp3,1.56
520,lokan-antigravity.mp3,3.24
521,loop-that-i-messed-around-with.mp3,2.22
522,lost-childs-echo.mp3,2.81
523,lost-in-circles.mp3,1.14
524,louis-the-child-its-strange-ramzoid-remix.mp3,3.15
525,love-in-the-midnight.mp3,3.35
526,love-is-a-war.mp3,3.79
527,love-lies.mp3,3.49
528,love-space-tatsuro-yamashita-akaris-future-mix.mp3,3.53
529,love-taste-fanservice-mix-moe-shop-x-jamie-paige-x-shiki-prod-by-flacko-no-rap-edited.mp3,2.6
530,love-taste.mp3,0.01
531,loveyou.mp3,1.95
532,lovtaste.mp3,44.45
533,low-roar-anything-you-needost-death-strandingambient-door-remix.mp3,3.15
534,luka-burr-mary-jane-for-the-brain.mp3,3.21
535,lumeo79jb8zt.mp3,3.42
536,m-9-revision-magnification-of.mp3,6.3
537,m-e-g-a-relaxed.mp3,3.56
538,maaya-sakamoto-inori.mp3,4.92
539,machine-girl-ghost.mp3,9.25
540,machine-girl-krystle-url.mp3,10.42
541,madretsma.mp3,2.62
542,maggie-x-nyan-summertime-arrange-ver.mp3,2.34
543,magnolia-flip-prodbceinstein.mp3,3.45
544,mahou-shoujo-funk-workout.mp3,1.96
545,main-heroine.mp3,2.86
546,major-7th.mp3,0.98
547,major-lazer-lean-on-kream-remix.mp3,2.87
548,maldamour.mp3,2.3
549,mamama-lap-pillow-kurosai.mp3,2.71
550,mario-jazz-but-mario-is-already-jazz.mp3,40.08
551,mariya-takeuchi-plastic-love-night-tempo-100-pure-remastered.mp3,4.09
552,mariya-takeuchi-shiawase-no-monosashi-vantage-edit.mp3,4.58
553,marshmello-alone.mp3,4.18
554,martin-garrix-live-at-ultra.mp3,51.49
555,martingarrix-summerdays-haywyreremix.mp3,3.51
556,mask-off-remix.mp3,1.35
557,masked-wolf-astronaut-in-the-ocean.mp3,0.01
558,maskedheart-piano-only.mp3,3.46
559,matabei-aests-rouge-five-is-plenty.mp3,4.59
560,matsuri.mp3,2.04
561,mayoi-just-me-machiko-remix.mp3,2.84
562,mazare-monika-santucci-thats-on-you.mp3,3.5
563,me-n-u.mp3,2.93
564,megamoe.mp3,3.96
565,megumin-konosuba-ed-miraie-remix.mp3,2.14
566,meiko-nakahara-fantasy-rice-bear-remix.mp3,3.39
567,melancholy-trajectory.mp3,3.82
568,melting.mp3,4.35
569,mezame-eurythmics-bermei.mp3,2.22
570,mick-gordon-the-only-thing-they-fear-is-you-doom-eternal-ost.mp3,4.66
571,midnight-sea.mp3,3.23
572,midnight-walk.mp3,3.22
573,miku-best-girl.mp3,4.31
574,milklips.mp3,7.03
575,mimikyu-groove.mp3,2.48
576,mipha-theme-the-legend-of-zelda-breath-of-the-wild.mp3,3.76
577,miracle-love.mp3,2.41
578,mmmhmm.mp3,1.37
579,mms-for-breakfast-w-inteus.mp3,2.82
580,moe-jazz-dreamer-n3kos-breakbeat-edit.mp3,3.2
581,moe-maid-cafe-edens-apple.mp3,4.78
582,momentum.mp3,3.17
583,monday.mp3,2.38
584,mondaymornings.mp3,2.51
585,mondays.mp3,2.15
586,moneko.mp3,2.56
587,money-moves.mp3,2.65
588,monochrome.mp3,3.79
589,moonless-night.mp3,1.77
590,moon_bay83.mp3,4.81
591,moregarlicinmycup.mp3,2.05
592,moshi-moshi-outro.mp3,1.02
593,moshino-x-soulsweep-heartsick.mp3,3.13
594,motions.mp3,0.63
595,move-you-booty.mp3,1.39
596,move.mp3,3.5
597,moving-on-ft-eileen.mp3,3.39
598,mr-robot-in-the-darkdjash.mp3,3.34
599,mrbrightside.mp3,3.28
600,muffled-girl.mp3,3.97
601,musickizuna-ai-again-moe-shop.mp3,3.5
602,mxtixn-x-backwood-boy-pour-dat-phonk.mp3,2.93
603,my-otachan-addiction-prod-djyungpurpleheart.mp3,1.78
604,mynerva-passion-fruit-1.mp3,2.57
605,myonmyonmyonmyonmyonmyon.mp3,5.16
606,myonmyonmyonmyonmyonmyonmyon.mp3,8.95
607,mysticwave-and-waterfall-final-fantasy-mq-2021.mp3,12.86
608,nana.mp3,3.84
609,naru-maru-ma-ru-moe-shop-edit-plexi-remake.mp3,3.83
610,nazo-no-kanojo-x-12-koi-no.mp3,1.26
611,neon-genesis-evangelion-ost-thanatos.mp3,3.2
612,netrunner.mp3,2.6
613,new-game-op-full-sakura.mp3,3.55
614,new-non-non-biyori-disco-groove.mp3,1.1
615,night-walk.mp3,2.64
616,night.mp3,2.22
617,nightcola-1.mp3,3.75
618,nineteen-master-digital.mp3,4.32
619,nite.mp3,2.56
620,no-time-for-you.mp3,4.23
621,noair-you-go-first-aviencloud-release.mp3,3.76
622,noir.mp3,2.1
623,noirebeats-sunrise.mp3,1.29
624,north-memphis.mp3,2.08
625,nosebleed.mp3,2.3
626,notice.mp3,2.89
627,nyanners-foolish-heart-official-lyric-video.mp3,3.57
628,ocean-waves-i-can-hear-the-sea-kaze-no-namiki-michi.mp3,3.49
629,ocean-waves-i-can-hear-the-sea-shoujo-no-omoi.mp3,2.96
630,ocean-waves-i-can-hear-the-sea-umi-ni-naretara.mp3,4.31
631,oh-my-life.mp3,2.27
632,ok-but-do-you-love-me-or.mp3,1.71
633,omae-wa-mou-kawaii-english-cover-female-ver-feat-cg5.mp3,2.16
634,omaewamou.mp3,19.1
635,omniboi-gucci-gang-loop-ver.mp3,2.74
636,omniboi-gucci.mp3,2.52
637,omniboi-midnight-drift-ii.mp3,3.54
638,omniboi-twinkle-brown-sugar.mp3,3.27
639,omori-gothic-post-punkcoldwave-remix.mp3,2.07
640,on-the-hunt.mp3,2.52
641,once-again.mp3,2.38
642,one-and-only.mp3,4.2
643,only-now.mp3,3.81
644,oops-1.mp3,2.17
645,op211.mp3,3.48
646,osoh002.mp3,0.7
647,otachan-ed-1-yung-bae-lonely-feeling-edit.mp3,3.0
648,otachan-ed-2-essenger-smoke-break.mp3,1.83
649,otachan-ed-3nakinyko-haaaah-ooo-ooo-ooh.mp3,3.4
650,otachan-op-2-sunshine-bmtj.mp3,2.52
651,otachan-pilot-ed.mp3,1.28
652,otafunk.mp3,1.74
653,our-love-grows-inside.mp3,2.37
654,overcome-collection.mp3,5.66
655,oyasame.mp3,2.98
656,p-a-r-a-d-i-s-e-feat-mogg.mp3,2.48
657,p-h-o-n-k-d.mp3,24.14
658,paris.mp3,2.94
659,passage.mp3,2.25
660,passionfruit-noku-bay-flip.mp3,2.34
661,pastel.mp3,3.76
662,pastels-swamp.mp3,4.01
663,pata-pata.mp3,1.09
664,peekaboo-plaza.mp3,3.24
665,people-say.mp3,2.59
666,pewdiepie-pug-lasagna-instrumental-soundtrack-interstellar-main-theme-abandoned-remix.mp3,4.97
667,ph-fat-welcome-to-the-ocean-bassnectar-edit.mp3,2.16
668,phases.mp3,4.3
669,pheeno-glass-feat-sam-abel-ray-damron.mp3,3.74
670,pillow-talk.mp3,3.23
671,pink-hapless-your-name.mp3,1.94
672,pistol-play.mp3,2.69
673,pixel-galaxy-slowerer.mp3,6.32
674,pixel-terror-protostar-andromeda.mp3,3.08
675,pizza.mp3,1.41
676,plastic-love-tanuki-remix.mp3,2.87
677,plastic-memories-again-a-again.mp3,2.65
678,plastic-memories-ending-fb-hardanime.mp3,4.19
679,plastic-memories-op.mp3,3.97
680,playboi-carti-meh.mp3,0.01
681,pleasant-feat-hatsune-miku.mp3,3.61
682,please-dont-go.mp3,3.96
683,pleeg-overload.mp3,3.0
684,pointlessly-long-title-because-its-cutesy-and-gives-it-a-vibe-or-something.mp3,3.63
685,poison02.mp3,41.61
686,pokemon-battle-theme-remix-gen.mp3,7.71
687,pokemon-bw-wifi-connection-lofi-remix.mp3,3.96
688,pokemon-league-day-pizza-knight-remix.mp3,43.74
689,polka-dot-positive.mp3,3.78
690,pop-mix-dj-ashlin.mp3,3.66
691,popashthology-unlimited-mix-dj-ashlin.mp3,25.62
692,porter-robinson-madeon-shelter-5.mp3,0.02
693,postmortem-examination-xfade-demo.mp3,8.72
694,pouya-juicy-j-six-speed.mp3,1.71
695,power-house.mp3,3.2
696,precious-memories.mp3,3.28
697,prescription-bong-w-feeney.mp3,2.27
698,pretty-hard-1.mp3,4.06
699,pridehehe.mp3,2.31
700,prism.mp3,3.33
701,pure-pure-you-look-so-good.mp3,3.12
702,purgatory.mp3,1.88
703,purple-potion-speechless-x-rich-beatz.mp3,2.19
704,purple.mp3,1.34
705,pursuing-virtuoso-dr-stone-outro-life.mp3,1.91
706,pyre.mp3,3.82
707,q-rabbit-internet-door.mp3,2.16
708,quok-atariwave.mp3,4.59
709,rabbit-house-j-core-remix.mp3,53.38
710,radio-love-highway.mp3,3.73
711,rain-and-surface.mp3,2.28
712,rainy-midgar.mp3,2.2
713,rameses-b-children.mp3,3.12
714,rameses-b-the-next-chapter-awaits.mp3,2.32
715,rameses-b-thinking-about-you.mp3,3.29
716,re-zero-memory-snow-ova-relive.mp3,3.68
717,reaction-ft-slyleaf-osu-edit.mp3,1.86
718,rebirth.mp3,2.76
719,red-eyes.mp3,3.14
720,reflection.mp3,3.23
721,rei-stormy-weather.mp3,1.99
722,renai-circulation.mp3,3.89
723,renai.mp3,2.59
724,resident-evil-outbreak-main.mp3,3.16
725,ride-or-die.mp3,2.82
726,ridenvibe-1.mp3,2.66
727,ridin-swervin.mp3,2.72
728,riding-horse-day.mp3,2.84
729,rkenbib.mp3,3.56
730,rndysvge-getbackbby-verzache-rework.mp3,2.93
731,roblox-type-beat.mp3,1.15
732,rocket-22.mp3,2.32
733,rogue-atlantic.mp3,4.02
734,rome-in-silver-friends-feat-chae.mp3,3.7
735,rpg-music.mp3,0.93
736,run-it-up666-follower-special.mp3,2.94
737,runnin-up-ww-soudiere.mp3,3.61
738,russian-techno-hardbass-mix.mp3,18.35
739,russian-techno-kroshka-moya.mp3,3.83
740,s-1.mp3,3.89
741,s7hhby7wbhri.mp3,2.41
742,sambalamento.mp3,2.87
743,san-holo-new-sky.mp3,4.16
744,san-holo-voices-in-my-head-last-island-remix.mp3,2.94
745,sasuke-took-my-bitch.mp3,1.58
746,satelitememories.mp3,2.15
747,saturday-mixtape.mp3,25.95
748,saturn-your-sword.mp3,3.41
749,save-me-remix.mp3,4.52
750,say-so-doja-cat-cover-japanese-version.mp3,3.7
751,sayu.mp3,2.05
752,scavenger.mp3,2.77
753,seasons.mp3,5.71
754,secluded.mp3,1.54
755,sedan.mp3,1.51
756,seishun-buta-yarou-wa-bunny-girl-senpai-no-yume-wo-minai-ending-fukashigi-no-cartefull.mp3,3.6
757,seks-the-soundtrack-n163.mp3,3.32
758,senseiplease-use-me-your-fuck-toy.mp3,2.99
759,sexygroove.mp3,2.83
760,sey-chans-waltz-season-finale-2020.mp3,6.93
761,shaii.mp3,4.01
762,shatter-wsin.mp3,2.77
763,shepherdess-she2016.mp3,0.03
764,shijoshugi-adtruck-full-ver.mp3,3.74
765,shindig-new-friends.mp3,2.93
766,shopkeeper.mp3,2.83
767,silently_judging.mp3,3.82
768,silvarounds-devilish-drift.mp3,2.4
769,sithu-aye-moonrise-i.mp3,5.46
770,sittin-back.mp3,2.91
771,sky-blue-that-girl.mp3,3.02
772,sleep-it-off-leon-chang.mp3,3.45
773,sleepyface.mp3,2.98
774,slow-jam-mix-2-20191110.mp3,49.36
775,smilee.mp3,4.72
776,smooth.mp3,2.58
777,so-long.mp3,3.75
778,so-she-says.mp3,18.07
779,soap.mp3,4.35
780,solstice.mp3,2.68
781,some-dumbass-shit-vol-3.mp3,11.46
782,someone-special.mp3,3.34
783,sonder-winter-sun.mp3,2.54
784,soudiere-okay-hoe-dont-worry-bout-a-g-feat-evan-de-clou.mp3,3.04
785,soulmate-1.mp3,2.74
786,soupfinal.mp3,2.03
787,souuntclout-dollrz-disstrak-wyung-paizuri-prodkokonutts.mp3,0.73
788,speedrun.mp3,2.38
789,spicy-kotori-remix.mp3,3.91
790,spongebob-electric-zoo-bolide-remix.mp3,2.57
791,springtime-of-life2019-rework.mp3,2.81
792,spuke-le-metro.mp3,3.13
793,standalone.mp3,3.11
794,stay-here-prod-verzache.mp3,2.26
795,stay-with-me-f-o-r-e-v-e-r.mp3,13.96
796,steve-scott.mp3,2.14
797,storm.mp3,2.32
798,straight-out-the-trap.mp3,3.22
799,strangers-rmx.mp3,4.12
800,strawberry-station-everbody-gets-one-zai-kowen-critical-grim-remix.mp3,3.2
801,strawberry.mp3,3.52
802,street-love-wanipai.mp3,3.03
803,strqo-ep-vol-2-ft-varo-esss-beee-and.mp3,20.51
804,styrofoam.mp3,1.61
805,subtact-tunnel-vision.mp3,4.04
806,suiito.mp3,2.2
807,summer-1.mp3,3.49
808,summer-high-mariode-remix.mp3,3.23
809,summer-romance-at-tokyos-bay.mp3,4.2
810,sunburst.mp3,2.96
811,sunset-paradise.mp3,2.28
812,sunset.mp3,3.05
813,super-carti-64.mp3,2.34
814,supremo.mp3,3.03
815,surrounded.mp3,3.54
816,sweet-medicine-20000-meilen.mp3,1.53
817,sweets-have-a-dream.mp3,3.22
818,syngergia-feat-melon.mp3,3.07
819,take-care.mp3,3.06
820,take-me-back-to-shinjuku.mp3,3.58
821,take-me-home.mp3,3.63
822,takin-off-w-inteus.mp3,2.19
823,talkin-cash.mp3,2.15
824,tanuki-babybaby-fc-ep-free.mp3,2.56
825,tapi-tapi.mp3,2.89
826,techhouse-loopsbeat.mp3,2.6
827,tekken-7-infinite-azuremoonsiders-1stconsole-soundtrack-7-7-1.mp3,12.11
828,tekken-mobile-main-menu.mp3,3.62
829,tell-em-bitchez.mp3,2.51
830,templime-timesurf-lockqe-remix.mp3,3.3
831,tenma.mp3,2.94
832,tenshi.mp3,2.22
833,terror-n-boujee.mp3,2.41
834,tezatalks-love-koyo-remix.mp3,3.3
835,tfw_2016.mp3,3.31
836,thanks-for-200-3.mp3,1.91
837,that-one-christmas-song-from-last-year.mp3,3.11
838,thatguybt4-chefn-liyue-bump-genshin-impact-relaxing-in-liyue-ost-remix.mp3,2.34
839,thatguybt4-purple-rose-genshin-impact-lisa-voice-remix.mp3,2.43
840,the-best-experience-ever-by-ash.mp3,2.72
841,the-brig-kotori-werewolf.mp3,3.32
842,the-city-plot.mp3,24.23
843,the-cyka-blyat-song.mp3,1.49
844,the-eye-of-truth.mp3,2.47
845,the-girl-next-door-on-top-but-its-the-full-sweatpants-childish-gambino.mp3,2.86
846,the-king-of-fighters-psycho-soldier-theme-oogimix-m-a-r-i-edit.mp3,3.06
847,the-legendary-phoenix-chrono-ark-sound-track.mp3,2.09
848,the-luxury-elite-esp.mp3,2.59
849,the-medic-hold-up.mp3,2.72
850,the-new-moe-groove.mp3,1.83
851,the-pet-girl-of-sakurasou-op.mp3,3.89
852,the-pet-girl-of-sakurasou.mp3,1.31
853,the-sweetest-groove.mp3,3.47
854,the-ultimate-kanna-groove.mp3,1.83
855,the-wonders-of-the-emerald-woods.mp3,3.0
856,these-kinds-of-songs-are-always-named-after-fruity-soda-but-then-this-song-gets-crazy-root-beer.mp3,2.71
857,tia-deal-with-the-devil-kakegurui-op.mp3,4.35
858,tik-tok-meme-rap-lyrics-mr-sandman-remix.mp3,2.14
859,time-pause.mp3,2.27
860,timelapse.mp3,3.74
861,timid-soul-x-psus-magic-echo.mp3,3.98
862,tiny-lofi.mp3,0.31
863,tiny-session.mp3,0.76
864,to-love-somebody.mp3,2.66
865,toby-fox-undertale.mp3,2.38
866,tofuku-taipein3kos-remix.mp3,4.0
867,toho-bossa-nova-10-xfd.mp3,138.71
868,tokyo-chopp.mp3,7.33
869,tokyo-girl.mp3,117.19
870,tokyo-machine-rock-it.mp3,2.92
871,tokyomachine.mp3,4.34
872,tonight-fin.mp3,2.23
873,too-much-ft-24hrs.mp3,2.78
874,toradora-ed-1-vanilla-salt.mp3,4.4
875,touch.mp3,0.46
876,toys.mp3,2.18
877,trains.mp3,2.29
878,trappin-in-honolulu-5.mp3,18.81
879,trappin-in-japan-10.mp3,57.68
880,travis-domain-instrumental.mp3,2.05
881,tri-paloski.mp3,1.6
882,trifect-synthion-promenade.mp3,3.79
883,trip-to-chinatown-with-mogg-1.mp3,2.36
884,triple-six.mp3,1.65
885,tropical-night.mp3,3.85
886,tropical-sprite.mp3,1.47
887,trouble.mp3,3.25
888,tsundere-twintails-underwater-1.mp3,2.55
889,tutenstein.mp3,2.53
890,tuyu-hide-and-seek-by-myself.mp3,2.96
891,twos-2.mp3,2.09
892,uh-lala-monsieur-francais.mp3,3.82
893,uknowme-bootleg-v6.mp3,1.97
894,ultra-senpai-supreme.mp3,3.23
895,um-can-we-communicate.mp3,2.79
896,unfinished-business-2.mp3,13.11
897,universe.mp3,3.04
898,untitled-beats.mp3,1.72
899,urbanflyer2.mp3,4.31
900,vanguard.mp3,2.95
901,vapor-rei.mp3,2.0
902,very-best-one.mp3,2.38
903,vibe-me-out.mp3,2.56
904,vibe-pt-3.mp3,1.93
905,vibe.mp3,1.28
906,vicetone-nevada.mp3,3.18
907,victory-fanfare.mp3,0.28
908,virgins-club.mp3,1.69
909,virtual-arcadia-mix.mp3,28.91
910,virtual.mp3,4.82
911,vo-lost-umbrella.mp3,3.09
912,vqs1iy2s9tq7.mp3,1.86
913,vs-dj-subatomic-supernova.mp3,5.48
914,w-i-n-n-e-r.mp3,4.0
915,waa.mp3,1.08
916,waifu.mp3,2.13
917,waiting-for-you-in-the-lobby.mp3,2.22
918,wake-w-edp-1.mp3,3.34
919,walking-dead-daryl-song-703-easy-street-collapsable-hearts-club-negan-season-7-episode-3.mp3,1.61
920,want-you-bad.mp3,2.75
921,wap-feat-megan-thee-stallion.mp3,2.86
922,wap.mp3,2.7
923,warzone.mp3,1.72
924,watame-lon-head-rap.mp3,1.86
925,watamote-watashi-ga-motenai-no.mp3,3.03
926,water-ball-fix-20200622.mp3,3.66
927,wavu-liad-anything.mp3,2.76
928,wavy.mp3,2.12
929,welcome-to-xd-baby.mp3,2.04
930,were-all-crazy.mp3,2.42
931,what-if-ft-yuca.mp3,3.69
932,whatfeelsright.mp3,2.98
933,whats-a-gawr-to-a-gura.mp3,1.98
934,when-im-space-luluco.mp3,3.97
935,when-the-rune-sparkles-in-september-remix.mp3,3.48
936,wheredidugowtf.mp3,1.27
937,who-are-you.mp3,2.72
938,whole-lotta-ass.mp3,2.3
939,whole-lotta-schemin-w-soudiere.mp3,2.77
940,whos-gonna-call-ya-name.mp3,2.6
941,windy-night.mp3,3.32
942,wingman-style-mk2.mp3,2.48
943,wishingwell.mp3,1.97
944,witchset-2019.mp3,51.19
945,wk9lgozgsw9z.mp3,2.8
946,woah-w-factal.mp3,2.15
947,wonder-egg-priority.mp3,2.39
948,wonder-pop.mp3,5.59
949,wonder-wonder-shark-illenium-remix-1.mp3,4.69
950,wonderful-wonder.mp3,2.81
951,woodstock-feat-whosane.mp3,2.35
952,wormrave-remix.mp3,2.18
953,wristsoflashy.mp3,2.38
954,wrld-by-design.mp3,4.38
955,wvlf-x-uth-fruit-finn-and-jake.mp3,2.2
956,x4tzztfjfxg9.mp3,2.94
957,xfd-2021-m3.mp3,2.14
958,xfdadulthood-ep-coming.mp3,2.38
959,xo-tour-love-lif3-last.mp3,1.84
960,xppt3joakdif.mp3,4.19
961,xs-project-bochka-bass-kolbaser-original.mp3,2.82
962,xs-project-vs-konnekt-cocaine.mp3,4.36
963,yakuza-0-baka-mitai-dame-da-ne.mp3,4.45
964,yasuha-fly-day-chinatown-remix.mp3,1.87
965,yesterday-cp31.mp3,2.88
966,yoasobi.mp3,64.72
967,yoshiiiiiiiiiiiiiiiiiiiiiiiiiiiiiiiiiiiii.mp3,0.83
968,yoshis-island-hip-hop-remix-by.mp3,0.95
969,yosuga-no-sora-tsunagu-kizuna.mp3,4.21
970,you-make-me-go-with-rob-gasser-and-miyoki.mp3,3.28
971,your-grill.mp3,3.04
972,youve-got-me-yung-bae.mp3,2.65
973,yuzu.mp3,4.09
974,zac-efrons-squeaky-surfboard-click-buy-for-dl.mp3,4.2
975,zebulon.mp3,4.92
976,zef-goema-megamix.mp3,10.74
977,zoot-sims-mixed-emotions.mp3,2.33
978,ztqn4ytrnqdd.mp3,1.44
